"address","city","state"
"2335 Bent Creek Road","Auburn","Alabama"
"5940 Trussville Crossing Pkwy.","Birmingham","Alabama"
"29683 Frederick Blvd.","Daphne","Alabama"
"3440 Ross Clark Cit.","Dothan","Alabama"
"364 Cox Creek Pkwy.","Florence","Alabama"
"201 Lakeshore Pkwy.","Homewood","Alabama"
"3053 John Hawkins Pkwy.","Hoover","Alabama"
"5651 Holmes Ave.","Huntsville","Alabama"
"2235 National Blvd.","Huntsville","Alabama"
"601 E. I-65 Service Rd. S","Mobile","Alabama"
"1080 Eastern Blvd.","Montgomery","Alabama"
"1900 Oxford Exchange Blvd.","Oxford","Alabama"
"1401 Skyland Blvd. E","Tuscaloosa","Alabama"
"1459 N Dysart Rd.","Avondale","Arizona"
"600 Highway 95","Bullhead City","Arizona"
"700 N 54th St.","Chandler","Arizona"
"1851 E Butler Ave.","Flagstaff","Arizona"
"2621 S Market Street","Gilbert","Arizona"
"1225 N Gilbert Rd.","Gilbert","Arizona"
"18501 N 83rd Ave.","Glendale","Arizona"
"8340 W McDowell Rd.","Phoenix","Arizona"
"1525 W Bell Rd.","Phoenix","Arizona"
"16573 West Bell Road","Surprise","Arizona"
"4701 N Stone Ave.","Tucson","Arizona"
"1462 S Pacific Ave.","Yuma","Arizona"
"3500 SE Club Blvd.","Arkansas","Arkansas"
"1250 S Amity Rd.","Conway","Arkansas"
"3081 N Highway 112","Fayetteville","Arkansas"
"7700 Rogers Ave.","Ft. Smith","Arkansas"
"1368 Higdon Ferry Rd.","Hot Springs","Arkansas"
"2405 S Caraway Rd.","Jonesboro","Arkansas"
"900 S Bowman Rd.","Little Rock","Arkansas"
"5600 Landers Rd.","N. Little Rock","Arkansas"
"1517 Gene George Blvd.","Springdale","Arkansas"
"5625 Gosford Rd.","Bakersfield","California"
"3951 Grand Ave.","Chino","California"
"7147 Greenback Ln.","Citrus Heights","California"
"1225 Concord Ave.","Concord","California"
"1375 E Ontario Ave.","Corona","California"
"4901 N Santa Anita Blvd.","El Monte","California"
"2495 Iron Point Rd. #11","Folsom","California"
"17099 Brookhurst St.","Fountain Valley","California"
"7663 N Blackstone Ave.","Fresno","California"
"603 S Placentia Ave.","Fullerton","California"
"1399 Artesia Blvd.","Gardena","California"
"1301 Lone Hill Ave.","Glendora","California"
"1390 S Beach Blvd.","La Habra","California"
"7480 Carson St.","Long Beach","California"
"40500 Murrieta Hot Springs Rd.","Murrieta","California"
"951 N Milliken Ave.","Ontario","California"
"2401 N Rose Ave.","Oxnard","California"
"34220 Monterey Ave.","Palm Desert","California"
"39940 10th St. W","Palmdale","California"
"6363 Valley Springs Pkwy.","Riverside","California"
"904 Pleasant Grove Blvd.","Roseville","California"
"8250 Power Inn Rd.","Sacramento","California"
"1055 Harriman Pl.","San Bernardino","California"
"6336 College Grove Way","San Diego","California"
"26468 Carl Boyer Dr.","Santa Clarita","California"
"5871 Firestone Blvd.","South Gate","California"
"2601 Skypark Dr.","Torrance","California"
"1500 Helen Power Dr.","Vacaville","California"
"900 N Walton Ave.","Yuba City","California"
"7370 W 52nd Ave.","Arvada","Colorado"
"6201 S Aurora Pkwy","Aurora","Colorado"
"880 S. Abilene St.","Aurora","Colorado"
"5940 Promenade Pkwy.","Castle Rock","Colorado"
"1850 E Woodman Rd. - Woodmen Commons","Colorado Springs","Colorado"
"7805 E 35th Ave.","Denver","Colorado"
"505 S. Broadway","Denver","Colorado"
"3247 23rd Ave.","Evans","Colorado"
"4385 Venetucci Blvd.","Fountain","Colorado"
"4700 Boardwalk Dr.","Ft. Collins","Colorado"
"1040 Independent Ave.","Grand Junction","Colorado"
"4827 S. Wadsworth Blvd.","Littleton","Colorado"
"7817 Park Meadows Dr.","Lone Tree","Colorado"
"1200 South Hover St.","Longmont","Colorado"
"1200 E Eisenhower Blvd.","Loveland","Colorado"
"412 Eagleridge Blvd. - Eagle Ridge Center","Pueblo","Colorado"
"9601 Grant St.","Thornton","Colorado"
"3465 Berlin Turnpike","Newington","Connecticut"
"1572 N Dupont Hwy.","Dover","Delaware"
"1500 S Orange Blossom Trl.","Apopka","Florida"
"5300 30th St. E","Bradenton","Florida"
"2021 Brandon Blvd. W","Brandon","Florida"
"13360 Cortez Blvd.","Brooksville","Florida"
"301 SW Pine Island Rd.","Cape Coral","Florida"
"2575 Gulf-to-Bay Blvd.","Clearwater","Florida"
"450 Townsend Rd.","Cocoa","Florida"
"950 N University Dr.","Coral Springs","Florida"
"1460 Cornerstone Blvd.","Daytona Beach","Florida"
"5170 S. Cleveland Ave.","Ft. Myers","Florida"
"740 N Beal Pkwy.","Ft. Walton Beach","Florida"
"4001 SW 30th Place","Gainesville","Florida"
"6373 Youngerman Cir.","Jacksonville","Florida"
"10690 Beach Blvd.","Jacksonville","Florida"
"300 Busch Dr.","Jacksonville","Florida"
"4763 W Irlo Bronson Memorial Hwy.","Kissimmee","Florida"
"755 North Hwy. 27/441","Lady Lake","Florida"
"3530 Lakeland Highlands Rd.","Lakeland","Florida"
"4600 US Hwy. N 98","Lakeland","Florida"
"4255 W New Haven Ave.","Melbourne","Florida"
"8425 NW 13th Ter.","Miami","Florida"
"1900 University Dr.","Miramar","Florida"
"2550 Immokalee Rd.","Naples","Florida"
"4330 US Highway 19","New Port Richey","Florida"
"3921 SW College Rd.","Ocala","Florida"
"11920 Narcoossee Rd.","Orlando","Florida"
"7701 E Colonial Dr.","Orlando","Florida"
"7810 W Colonial Dr.","Orlando","Florida"
"9498 S Orange Blossom Trl.","Orlando","Florida"
"1707 W 23rd St.","Panama City","Florida"
"1250 Airport Blvd.","Pensacola","Florida"
"7001 Park Blvd.","Pinellas Park","Florida"
"17700 Murdock Cir.","Port Charlotte","Florida"
"1750 SW Gatlin Blvd.","Port St. Lucie","Florida"
"10900 S US Hwy. 1","Port St. Lucie","Florida"
"10385 Big Bend Road","Riverview","Florida"
"1101 Rinehart Rd.","Sanford","Florida"
"300 N Cattlemen Rd.","Sarasota","Florida"
"1725 34th St. N","St. Petersburg","Florida"
"13550 W Sunrise Blvd.","Sunrise","Florida"
"3122 Dick Wilson Blvd.","Tallahassee","Florida"
"5135 S Dale Mabry Hwy. - Sam's Club Scan & Go","Tampa","Florida"
"15835 N Dale Mabry Hwy.","Tampa","Florida"
"5565 20th St.","Vero Beach","Florida"
"4295 45th St.","W. Palm Beach","Florida"
"27727 State Rd. 56","Wesley Chapel","Florida"
"1201 N Westover Blvd.","Albany","Georgia"
"10600 Davis Dr.","Alpharetta","Georgia"
"2901 A Clairmont Rd.","Atlanta","Georgia"
"596 Bobby Jones Expy.","Augusta","Georgia"
"4365 Atlanta Hwy.","Bogart","Georgia"
"10100 Canal Crossing","Brunswick","Georgia"
"3383 Buford Dr.","Buford","Georgia"
"5448 A Whittlesey Blvd.","Columbus","Georgia"
"6995 Concourse Pkwy.","Douglasville","Georgia"
"3450 Steve Reynolds Blvd.","Duluth","Georgia"
"4798 Jimmy Lee Smith Pkwy.","Hiram","Georgia"
"4701 Log Cabin Dr.","Macon","Georgia"
"150 S. Cobb Pkwy. S","Marietta","Georgia"
"1765 Jonesboro Rd.","McDonough","Georgia"
"7325 Jonesboro Rd.","Morrow","Georgia"
"3839 Mundy Mill Rd.","Oakwood","Georgia"
"15 Mill Creek Cir.","Pooler","Georgia"
"2550 Redmond Cir.","Rome","Georgia"
"1975 E Montgomery Cross Rd.","Savannah","Georgia"
"301 Fisher Rd.","Sharpsburg","Georgia"
"1520 Scenic Hwy. N","Snellville","Georgia"
"1940 Mountain Industrial Blvd.","Tucker","Georgia"
"450 Norman Dr.","Valdosta","Georgia"
"9464 Main St.","Woodstock","Georgia"
"750 Ke'eaumoku St.","Honolulu","Hawaii"
"1000 Kamehameha Hwy.","Pearl City","Hawaii"
"700 E 17th St.","Idaho Falls","Idaho"
"1006 N Rohlwing Rd. - Lake Addison Plaza","Addison","Illinois"
"603 River Oaks West","Calumet City","Illinois"
"915 W Marketview Dr.","Champaign","Illinois"
"2601 S Cicero Ave. - Cicero Marketplace","Cicero","Illinois"
"5670 NW Hwy.","Crystal Lake","Illinois"
"4334 N Prospect Dr.","Decatur","Illinois"
"101 W Oakton St.","Des Plaines","Illinois"
"1000 S Randall Rd.","Elgin","Illinois"
"2450 Main St. - Evanston Main Street Marketplace","Evanston","Illinois"
"9400 S Western Ave.","Evergreen Park","Illinois"
"5 Illini Dr.","Glen Carbon","Illinois"
"6570 Grand Ave.","Gurnee","Illinois"
"9500 Joliet Rd - The Quarry Shopping Center","Hodgkins","Illinois"
"321 S Larkin Ave. - Larkin Center","Joliet","Illinois"
"2709 Walton Way","Marion","Illinois"
"1050 Ogden Ave. - Ogden Hill Of Montgomery","Montgomery","Illinois"
"2151 Shepard Rd.","Normal","Illinois"
"141 North Ave","Northlake","Illinois"
"1350 W Hwy. 50","O'Fallon","Illinois"
"4100 W Willow Knolls Dr - Willow Knolls Court","Peoria","Illinois"
"700 N 54th Street","Quincy","Illinois"
"7151 Walton St.","Rockford","Illinois"
"2300 White Oaks Dr.","Springfield","Illinois"
"16100 S Harlem Ave. - Park Place Plaza","Tinley Park","Illinois"
"335 N Milwaukee Ave. - Marketplace At Vernon Hills","Vernon Hills","Illinois"
"3205 W State Hwy. 45","Bloomington","Indiana"
"1301 Veterans Pkwy.","Clarksville","Indiana"
"2715 Merchants Mile","Columbus","Indiana"
"6770 E Virginia St.","Evansville","Indiana"
"6736 Lima Rd.","Fort Wayne","Indiana"
"1101 Windhorst Way","Greenwood","Indiana"
"5805 Rockville Rd.","Indianapolis","Indiana"
"7235 E 96th St.","Indianapolis","Indiana"
"1917 E Markland Ave.","Kokomo","Indiana"
"3819 South St.","Lafayette","Indiana"
"3134 E 79th Ave. - Merrillville Plaza And Crossings Of Hobart","Merrillville","Indiana"
"120 Indian Ridge Blvd.","Mishawaka","Indiana"
"4350 S US Hwy. 41","Terre Haute","Indiana"
"305 Airport Rd.","Ames","Iowa"
"4625 SE Delaware Ave.","Ankeny","Iowa"
"2605 Blairs Ferry Rd. NE","Cedar Rapids","Iowa"
"3221 Manawa Sentre Dr.","Council Bluffs","Iowa"
"3887 Elmore Ave.","Davenport","Iowa"
"1101 73rd St.","Des Moines","Iowa"
"4400 Asbury Rd.","Dubuque","Iowa"
"4201 S York St.","Sioux City","Iowa"
"201 E. Tower Park Dr.","Waterloo","Iowa"
"3010 Larue St.","Garden City","Kansas"
"10510 Parallel Pkwy.","Kansas City","Kansas"
"12200 W 95th St.","Lenexa","Kansas"
"8300 W 135th St.","Overland Park","Kansas"
"2919 Market Place","Salina","Kansas"
"1401 SW Wanamaker Rd.","Topeka","Kansas"
"3084 N Maize Rd.","Wichita","Kansas"
"3415 N Rock Rd.","Wichita","Kansas"
"6200 W. Kellogg Dr. Ste. A","Wichita","Kansas"
"3200 Ken Bale Blvd.","Bowling Green","Kentucky"
"1500 Ring Road","Elizabethtown","Kentucky"
"4949 Houston Rd.","Florence","Kentucky"
"1401 Alliant Ave.","Jeffersontown","Kentucky"
"6622 Preston Hwy.","Louisville","Kentucky"
"1063 New Circle Rd. NE","Lexington","Kentucky"
"103 Bryant Dr.","Nicholasville","Kentucky"
"5240 Frederica St.","Owensboro","Kentucky"
"3550 James-Sanders Blvd.","Paducah","Kentucky"
"3805 North Blvd.","Alexandria","Louisiana"
"10444 North Mall Drive","Baton Rouge","Louisiana"
"2861 Beene Blvd.","Bossier City","Louisiana"
"69630 Stirling Blvd.","Covington","Louisiana"
"201 Bass Pro Blvd.","Denham Springs","Louisiana"
"1527 Manhattan Blvd.","Harvey","Louisiana"
"2741 Martin Luther King Blvd.","Houma","Louisiana"
"455 31st St.","Kenner","Louisiana"
"2025 Sams Way","Lake Charles","Louisiana"
"3222 Ambassador Caffery Pkwy.","Lafayette","Louisiana"
"3900 Airline Hwy.","Metairie","Louisiana"
"5400 Frontage Rd.","Monroe","Louisiana"
"7400 Youree Dr.","Shreveport","Louisiana"
"181 Northshore Blvd.","Slidell","Louisiana"
"45 Market Place Dr.","Augusta","Maine"
"47 Haskell Rd.","Bangor","Maine"
"440 Payne Rd.","Scarborough","Maine"
"2100 Generals Hwy.","Annapolis","Maryland"
"6410 Petrie Way","Baltimore","Maryland"
"5702 Baltimore National Pike","Catonsville","Maryland"
"5604 Buckeystown Pike","Frederick","Maryland"
"610 N Frederick Ave.","Gaithersburg","Maryland"
"1700 Wesel Blvd. - Valley Park Commons","Hagerstown","Maryland"
"3535 Russett Green","Laurel","Maryland"
"2700 N Salisbury Blvd.","Salisbury","Maryland"
"424 George Clauss Blvd.","Severn","Maryland"
"15 Texas Station Ct.","Timonium","Maryland"
"2365 Crain Hwy.","Waldorf","Maryland"
"4350 Joslyn Rd.","Auburn Hills","Michigan"
"12737 6 Mile Rd.","Battle Creek","Michigan"
"39800 Ford Rd.","Canton","Michigan"
"3901 Alpine Ave. NW","Comstock Park","Michigan"
"4373 Corunna Rd.","Flint","Michigan"
"6160 S Saginaw Rd.","Grand Blanc","Michigan"
"2190 N Park Dr.","Holland","Michigan"
"3600 O'Neill Dr.","Jackson","Michigan"
"4326 28th St. SE","Kentwood","Michigan"
"2925 Towne Centre Blvd.","Lansing","Michigan"
"31020 John R. Rd.","Madison Heights","Michigan"
"4850 Encore Blvd.","Mt. Pleasant","Michigan"
"1707 E Sherman Blvd. - West Shore Plaza","Muskegon","Michigan"
"27300 Wixom Rd.","Novi","Michigan"
"1237 32nd St. - Stadium Center Shopping Center","Port Huron","Michigan"
"7021 S. Westnedge Ave.","Portage","Michigan"
"31720 Gratiot Ave.","Roseville","Michigan"
"5656 Bay Rd.","Saginaw","Michigan"
"22500 Eight Mile Rd.","Southfield","Michigan"
"15700 Northline Rd.","Southgate","Michigan"
"2401 US 31 S","Traverse City","Michigan"
"45600 Utica Park Place Blvd. - Utica Park Place","Utica","Michigan"
"5450 Carpenter Rd.","Ypsilanti","Michigan"
"14940 Florence Trl.","Apple Valley","Minnesota"
"200 W American Blvd.","Bloomington","Minnesota"
"3035 Denmark Ave.","Eagan","Minnesota"
"8150 University Ave. NE","Fridley","Minnesota"
"4743 Maple Grove Rd.","Hermantown","Minnesota"
"1831 Madison Ave.","Mankato","Minnesota"
"16701 94th Ave. N","Maple Grove","Minnesota"
"3410 NW 55th St.","Rochester","Minnesota"
"8201 Old Carriage Ct.","Shakopee","Minnesota"
"207 County Road 120","St. Cloud","Minnesota"
"1850 Buerkle Rd.","White Bear Lake","Minnesota"
"9925 Hudson Rd.","Woodbury","Minnesota"
"6080 US Hwy. 98","Hattiesburg","Mississippi"
"257 Grandview Blvd.","Madison","Mississippi"
"715 Bonita Dr.","Meridian","Mississippi"
"90 Bass Pro Drive","Pearl","Mississippi"
"465 Goodman Rd. E","Southaven","Mississippi"
"3833 N Gloster St.","Tupelo","Mississippi"
"10431 Old Hwy. 49","Gulfport","Mississippi"
"232 Shirley Dr.","Cape Girardeau","Missouri"
"196 THF Blvd. - Chesterfield Commons","Chesterfield","Missouri"
"101 Conlay Rd.","Columbia","Missouri"
"4100 S Bolger Rd. - Crossroads Of Independence","Independence","Missouri"
"849 Stoneridge Pkwy.","Jefferson City","Missouri"
"3536 Hammons Blvd.","Joplin","Missouri"
"8130 N Church Rd.","Kansas City","Missouri"
"5001 N Oak Trafficway","Kansas City","Missouri"
"2100 Maplewood Common Dr.","Maplewood","Missouri"
"141 N Dean Ave.","Raymore","Missouri"
"745 W El Camino Alto St.","Springfield","Missouri"
"3660 E Sunshine St.","Springfield","Missouri"
"10248 Big Bend Rd.","Saint Louis","Missouri"
"10735 W Florissant Ave.","Saint Louis","Missouri"
"2855 Veterans Memorial Pkwy.","St. Charles","Missouri"
"5201 N Belt Hwy. Ste. A","St. Joseph","Missouri"
"13455 Manchester Rd.","St. Louis","Missouri"
"4512 Lemay Ferry Rd.","St. Louis","Missouri"
"3055 Bear Creek Dr.","Wentzville","Missouri"
"4420 King Ave. East","Billings","Montana"
"401 NW Byp.","Great Falls","Montana"
"1510 N Diers Ave.","Grand Island","Nebraska"
"8480 Andermatt Dr.","Lincoln","Nebraska"
"4900 N 27th St.","Lincoln","Nebraska"
"13130 L St.","Omaha","Nebraska"
"9851 S 71st Plaza","Papillion","Nebraska"
"2650 East Craig Road","Las Vegas","Nevada"
"7100 W Arroyo Crossing Pkwy.","Las Vegas","Nevada"
"8080 W Tropical Pkwy.","Las Vegas","Nevada"
"1910 East Serene Ave.","Las Vegas","Nevada"
"7175 Spring Mountain Rd.","Las Vegas","Nevada"
"5101 S Pecos Rd.","Las Vegas","Nevada"
"4835 Kietzke Ln.","Reno","Nevada"
"304 Sheep Davis Rd.","Concord","New Hampshire"
"7 Wal-Mart Blvd.","Hudson","New Hampshire"
"2521 Rte. 130 S.","Cinnaminson","New Jersey"
"2000 Clements Bridge Rd.","Deptford","New Jersey"
"883 Route 1","Edison","New Jersey"
"320 W Main St.","Freehold","New Jersey"
"1900 East Linden Avenue - Sam's Club Warehouse Fulfillment Center","Linden","New Jersey"
"1025 Black Horst Pike","Pleasantville","New Jersey"
"300 Park Place","Secaucus","New Jersey"
"2080 N Blackhorse Pike","Williamstown","New Jersey"
"10600 Coors Blvd. Bypass NW","Albuquerque","New Mexico"
"1421 N Renaissance Blvd. NE","Albuquerque","New Mexico"
"300 Eubank Blvd. NE","Albuquerque","New Mexico"
"4500 E Main St.","Farmington","New Mexico"
"2711 N Telshor Blvd.","Las Cruces","New Mexico"
"4400 N Main St.","Roswell","New Mexico"
"4201 Rodeo Rd.","Santa Fe","New Mexico"
"3735 Union Rd.","Cheektowaga","New York"
"830 County Rd. 64 Ste. 2","Elmira","New York"
"333 Saw Mill River Rd.","Elmsford","New York"
"56 West Merritt Blvd.","Fishkill","New York"
"801 Frank Sotille Blvd.","Kingston","New York"
"579 Troy/Schenectady Rd. Ste. 236","Latham","New York"
"2950 Horse Block Rd.","Medford","New York"
"1580 Military Rd.","Niagara Falls","New York"
"7 Consumer Square","Plattsburgh","New York"
"2441 Vestal Pkwy. E.","Vestal","New York"
"300 N Galleria Dr.","Wallkill","New York"
"21341 Sam's Dr.","Watertown","New York"
"645 Patton Ave.","Asheville","North Carolina"
"8909 J. W. Clay Blvd.","Charlotte","North Carolina"
"4005 Chapel Hill Blvd.","Durham","North Carolina"
"1450 Skibo Rd.","Fayetteville","North Carolina"
"3540 E Franklin Blvd.","Gastonia","North Carolina"
"2811 N Park Dr.","Goldsboro","North Carolina"
"4418 W Wendover Ave.","Greensboro","North Carolina"
"300 Highlands Square Dr.","Hendersonville","North Carolina"
"301 Indian Lake Blvd.","Hendersonville","North Carolina"
"2435 Hwy. 70 SE","Hickory","North Carolina"
"1170 Western Blvd.","Jacksonville","North Carolina"
"2421 Supercenter Dr. NE","Kannapolis","North Carolina"
"1801 Windsor Square Dr.","Matthews","North Carolina"
"646 River Hwy.","Mooresville","North Carolina"
"11425 Carolina Place Pkwy. - Carolina Place Mall","Pineville","North Carolina"
"3001 Calvary Dr. - Capital Crossing","Raleigh","North Carolina"
"2537 S Saunders St.","Raleigh","North Carolina"
"2474 Cross Pointe Drive","Rock Hill","North Carolina"
"300 Tarrytown Center","Rocky Mount","North Carolina"
"11460 Royall Cotton Rd.","Wake Forest","North Carolina"
"412 S College Rd.","Wilmington","North Carolina"
"alem - 284 Summit Square Blvd.","Winsto","North Carolina"
"alem - 930 Hanes Mall Blvd.","Winsto","North Carolina"
"4240 Winterville Pkwy.","Winterville","North Carolina"
"2821 Rock Island Pl.","Bismarck","North Dakota"
"4831 13th Ave. SW","Fargo","North Dakota"
"2501 32nd Ave. S","Grand Forks","North Dakota"
"3446 Pentagon Blvd.","Beavercreek","Ohio"
"10250 Brookpark Rd.","Brooklyn","Ohio"
"4790 Portage St.","Canton","Ohio"
"1270 N Bridge St.","Chillicothe","Ohio"
"5375 N Bend Rd.","Cincinnati","Ohio"
"815 Clepper Ln.","Cincinnati","Ohio"
"3950 Morse Rd.","Columbus","Ohio"
"1755 Hilliard-Rome Rd.","Columbus","Ohio"
"1189 Buchholzer Blvd.","Cuyahoga Falls","Ohio"
"6955 Miller Rd.","Dayton","Ohio"
"1111 Miamisburg-Centerville Rd.","Dayton","Ohio"
"5870 Sawmill Rd.","Dublin","Ohio"
"3750 W Market Street Unit J - Rosemont Commons","Fairlawn","Ohio"
"1755 Hilliard Rome Rd. - Tanglewood Plaza","Hilliard","Ohio"
"1150 Greeley Chapel Rd.","Lima","Ohio"
"5600 Emerald Ct.","Mentor","Ohio"
"23300 Broadway Ave.","Oakwood Village","Ohio"
"1070 N Lexington Springmill Rd.","Ontario","Ohio"
"2675 Taylor Rd.","Reynoldsburg","Ohio"
"614 Crossings Rd.","Sandusky","Ohio"
"5225 Cobblestone Rd.","Sheffield Village","Ohio"
"432 Private Dr. #288","South Point","Ohio"
"800 Kemper Commons Cir. - Tri-County Commons","Springdale","Ohio"
"50555 Valley Plaza Dr.","St. Clairsville","Ohio"
"1300 E Mall Dr.","Toledo","Ohio"
"1040 Niles Cortland Rd. SE","Warren","Ohio"
"6361 South Ave.","Youngstown","Ohio"
"3724 Northpointe Dr.","Zanesville","Ohio"
"1117 West I-35 Frontage Road","Edmond","Oklahoma"
"802 NW Sheridan Rd.","Lawton","Oklahoma"
"6521 SE 29th St.","Midwest City","Oklahoma"
"1705 South Broadway Ave.","Moore","Oklahoma"
"3400 W Main St.","Norman","Oklahoma"
"9000 NW Passage","Oklahoma City","Oklahoma"
"4101 North May Ave.","Oklahoma City","Oklahoma"
"1900 W Memorial Rd.","Oklahoma City","Oklahoma"
"5510 SW 5th St.","Oklahoma City","Oklahoma"
"12905 E 96th St. N","Owasso","Oklahoma"
"7757 Olympia Ave. W","Tulsa","Oklahoma"
"6922 S Mingo Rd.","Tulsa","Oklahoma"
"4420 S Sheridan Rd.","Tulsa","Oklahoma"
"901 Airport Center Dr. - Airport Center","Allentown","Pennsylvania"
"2500 W Plank Rd. - Plank Road Commons","Altoona","Pennsylvania"
"200 Moraine Pointe Plaza","Butler","Pennsylvania"
"921 Viewmont Dr.","Dickson City","Pennsylvania"
"3796 Easton Nazareth Hwy.","Easton","Pennsylvania"
"7200 Peach St. - Summit Towne Center","Erie","Pennsylvania"
"6211 Route 30 - Hempfield Plaza","Greensburg","Pennsylvania"
"261 Wilson Ave.","Hanover","Pennsylvania"
"6781 Grayson Rd.","Harrisburg","Pennsylvania"
"1717 E Lincoln Hwy.","Langhorne","Pennsylvania"
"6520 Carlisle Pike","Mechanicsburg","Pennsylvania"
"3621 William Penn Hwy.","Monroeville","Pennsylvania"
"611 Lycoming Mall Cir.","Muncy","Pennsylvania"
"1000 Franklin Mills Cir.","Philadelphia","Pennsylvania"
"","Pittsburgh (Mt. Nebo)","Pennsylvania"
"","Pittsburgh (North Fayette)","Pennsylvania"
"381 Benner Pike","State College","Pennsylvania"
"2000 Village Center Dr.","Tarentum","Pennsylvania"
"5314 Allentown Pike","Temple","Pennsylvania"
"80 Trinity Point Dr.","Washington","Pennsylvania"
"2251 Century Dr.","West Mifflin","Pennsylvania"
"441 Wilkes-Barre Township Blvd.","Wilkes Barre","Pennsylvania"
"3925 Welsh Rd.","Willow Grove","Pennsylvania"
"2801 E Market St.","York","Pennsylvania"
"Plaza del Parque 1500","Bayamón","Puerto Rico"
"Plaza Centro II","Caguas","Puerto Rico"
"Plaza Escorial","Carolina","Puerto Rico"
"Carr. 2 Km. 84.2","Hatillo","Puerto Rico"
"Western Plaza Carr. 2 Km.","Mayagüez","Puerto Rico"
"2188 Eduardo Ruberte Carr. 2","Ponce","Puerto Rico"
"PR-2 Km. 2.2 Kennedy Ave.","San Juan","Puerto Rico"
"220 Jefferson Davis Hwy.","Aiken","South Carolina"
"3812 Liberty Hwy. Ste. 6","Anderson","South Carolina"
"14 Bluffton Rd.","Bluffton","South Carolina"
"733 Fashion Dr.","Columbia","South Carolina"
"350 Harbison Blvd.","Columbia","South Carolina"
"5426 Forest Dr.","Columbia","South Carolina"
"200 Beltline Dr.","Florence","South Carolina"
"309 Rolling Hills Cir.","Easley","South Carolina"
"1211 Woodruff Rd.","Greenville","South Carolina"
"1946 10th Ave. N","Myrtle Beach","South Carolina"
"4900 Centre Point Dr.","N.Charleston","South Carolina"
"200 Peachwood Centre Dr.","Spartanburg","South Carolina"
"925 Eglin Street - Rushmore Crossing","Rapid City","South Dakota"
"3201 S. Louise Ave.","Sioux Falls","South Dakota"
"8480 Route 64","Bartlett","Tennessee"
"6101 Lee Hwy.","Chattanooga","Tennessee"
"3315 Guthrie Hwy.","Clarksville","Tennessee"
"1177 Sams St.","Cookeville","Tennessee"
"3070 Mallory Lane","Franklin","Tennessee"
"2120 Emporium Dr.","Jackson","Tennessee"
"3060 Franklin Terrace Drive","Johnson City","Tennessee"
"2920 Knoxville Center Dr.","Knoxville","Tennessee"
"8435 Walbrook Dr.","Knoxville","Tennessee"
"7475 Winchester Rd.","Memphis","Tennessee"
"2150 Covington Pike","Memphis","Tennessee"
"125 John R. Rice Blvd.","Murfreesboro","Tennessee"
"1300 Antioch Pike","Nashville","Tennessee"
"5550 S Clack St.","Abilene","Texas"
"4062 Lyndon B. Johnson Freeway","Addison","Texas"
"8952 Westgate Pkwy.","Amarillo","Texas"
"2201 Ross-Osage Dr.","Amarillo","Texas"
"4970 W Highway 290","Austin","Texas"
"10901 Lakeline Mall Dr.","Austin","Texas"
"9700 Capital of Texas Hwy.","Austin","Texas"
"9900 S Interstate 35","Austin","Texas"
"1615 Interstate 10 S","Beaumont","Texas"
"3570 W Alton Gloor Blvd.","Brownsville","Texas"
"600 N Burleson Blvd.","Burleson","Texas"
"1405 E Earl Rudder Fwy.","College Station","Texas"
"2000 Westview Blvd.","Conroe","Texas"
"4833 South Padre Island Drive","Corpus Christi","Texas"
"6185 Retail Rd.","Dallas","Texas"
"5555 South Bruckner Blvd.","Dallas","Texas"
"12000 McCree Rd.","Dallas","Texas"
"9461 Webb Chapel Road","Dallas","Texas"
"2900 W Wheatland Rd.","Dallas","Texas"
"Greenville - 2218 Greenville Avenue - Sam's Club Now","Dallas","Texas"
"2850 W University Drive","Denton","Texas"
"9498 Gateway Blvd. N","El Paso","Texas"
"7001 Gateway Blvd. W","El Paso","Texas"
"7970 N Mesa St.","El Paso","Texas"
"11360 Pellicano Dr.","El Paso","Texas"
"155 W El Dorado Blvd.","Friendswood","Texas"
"4400 Bryant Irvin Rd.","Fort Worth","Texas"
"8351 Anderson Blvd.","Fort Worth","Texas"
"5150 N Garland Ave.","Garland","Texas"
"2325 W. Hwy. I-20","Grand Prairie","Texas"
"1701 W State Hwy. 114","Grapevine","Texas"
"600 W Central Texas Expressway","Harker Heights","Texas"
"621 N Expressway 77","Harlingen","Texas"
"10488 Old Katy Rd.","Houston","Texas"
"7950 Cypress Creek Pkwy.","Houston","Texas"
"5310 S Rice Ave.","Houston","Texas"
"11101 Fuqua St.","Houston","Texas"
"325 E Richey Rd.","Houston","Texas"
"12205 West Rd.","Houston","Texas"
"13600 East Fwy.","Houston","Texas"
"9665 FM 1960 Bypass Rd. W","Humble","Texas"
"1213 Market Place Blvd. - MacArthur Marketplace","Irving","Texas"
"20424 Katy Fwy.","Katy","Texas"
"201 Golden Triangle Blvd.","Keller","Texas"
"6614 Gulf Freeway","La Marque","Texas"
"4810 San Bernardo Ave.","Laredo","Texas"
"751 W Main St.","Lewisville","Texas"
"3310 N 4th St.","Longview","Texas"
"6016 Marsha Sharp Fwy.","Lubbock","Texas"
"407 N Brentwood Dr.","Lufkin","Texas"
"740 Highway 157","Mansfield","Texas"
"7601 N 10th Street","McAllen","Texas"
"1400 E Jackson Ave.","McAllen","Texas"
"1570 West University Dr.","McKinney","Texas"
"1500 Tradewinds Blvd.","Midland","Texas"
"6375 NE Loop 820","North Richland Hills","Texas"
"4230 John Ben Shepperd Pkwy.","Odessa","Texas"
"15800 S Freeway","Pearland","Texas"
"1200 E Spring Creek Pkwy.","Plano","Texas"
"8621 Ohio Dr.","Plano","Texas"
"301 Coit Road","Plano","Texas"
"22402 Bellaire Blvd.","Richmond","Texas"
"130 Sundance Pkwy. Ste. 300","Round Rock","Texas"
"5479 Sherwood Way","San Angelo","Texas"
"2530 Marshall Rd.","San Antonio","Texas"
"3239 Goliad Rd.","San Antonio","Texas"
"5565 DeZavala Rd.","San Antonio","Texas"
"5055 NW Loop 410","San Antonio","Texas"
"12349 I-35 N","San Antonio","Texas"
"3150 SW Military Dr.","San Antonio","Texas"
"1350 Leah Ave.","San Marcos","Texas"
"19091 I-45 S","Shenandoah","Texas"
"3333 Hwy. 75 N","Sherman","Texas"
"12300 SW Fwy.","Stafford","Texas"
"351 Hwy. 6","Sugar Land","Texas"
"1414 Marland Wood Rd.","Temple","Texas"
"3610 St. Michael Dr.","Texarkana","Texas"
"2025 SSW Loop 323","Tyler","Texas"
"9202 N Navarro St.","Victoria","Texas"
"2301 E Waco Dr.","Waco","Texas"
"6760 Westworth Blvd.","Westworth Village","Texas"
"3801 Kell Blvd.","Wichita Falls","Texas"
"1055 W Hill Field Rd.","Layton","Utah"
"145 W Cache Valley Blvd.","Logan","Utah"
"6525 S. State St.","Murray","Utah"
"1313 S University Ave.","Provo","Utah"
"4949 S 900 W","Riverdale","Utah"
"1905 S 300 W","Salt Lake City","Utah"
"11278 S Jordan Gateway","South Jordan","Utah"
"7571 South 3800 West","West Jordan","Utah"
"601 Commerce Dr.","Bluefield","Virginia"
"13249 Lee Hwy.","Bristol","Virginia"
"970 Hilton Heights Rd.","Charlottesville","Virginia"
"2444 Chesapeake Square Ring Rd.","Chesapeake","Virginia"
"1501 Sam's Cir.","Chesapeake","Virginia"
"735 South Park Blvd.","Colonial Heights","Virginia"
"215 Piedmont Place","Danville","Virginia"
"3912 Wards Rd.","Lynchburg","Virginia"
"901 Wal-Mart Way","Midlothian","Virginia"
"12407 Jefferson Ave.","Newport News","Virginia"
"9440 W Broad St.","Richmond","Virginia"
"1455 Towne Square Blvd.","Roanoke","Virginia"
"45425 Dulles Crossing Plaza","Sterling","Virginia"
"3345 Virginia Beach Blvd.","Virginia Beach","Virginia"
"14050 Worth Ave.","Woodbridge","Virginia"
"1220 N Eisenhower Dr.","Beckley","West Virginia"
"200 Emily Dr.","Clarksburg","West Virginia"
"5045 University Town Centre Dr.","Morgantown","West Virginia"
"2500 Mountaineer Blvd","S. Charleston","West Virginia"
"1100 Grand Central Ave.","Vienna","West Virginia"
"1000 N Westhill Blvd.","Appleton","Wisconsin"
"4001 Gateway Dr.","Eau Claire","Wisconsin"
"6705 S. 27th St.","Franklin","Wisconsin"
"2470 W Mason St.","Green Bay","Wisconsin"
"3900 Deerfield Dr.","Janesville","Wisconsin"
"3300 Brumback Rd.","Kenosha","Wisconsin"
"8050 N 124th St.","Milwaukee","Wisconsin"
"1211 Crossing Meadows Dr.","Onalaska","Wisconsin"
"4000 Rib Mountain Dr.","Wausau","Wisconsin"
"600 N Springdale Rd.","Waukesha","Wisconsin"
"1948 Dell Range Blvd.","Cheyenne","Wyoming"
"4600 E 2nd St.","Casper","Wyoming"
